Title,Image,Price,Discount,Special Price,Link,Rating
"SET WET Cool, Charm, Swag & Mischief Avatar Deodorant & Body Spray Perfume, Pack of 6 Deodorant Spray  -  For Men(900 ml, Pack of 6)",https://rukminim1.flixcart.com/image/200/200/xif0q/combo-kit/i/a/4/-original-imah3ftjsykffchs.jpeg?q=90,1590,75%,397,https://dealsheaven.in/deal/set-wet-cool-charm-swag-mischief-avatar-deodorant-body-spray-perfume-pack-of-6-deodorant-spray-for-men900-ml-pack-of-6,0.0
"Just Herbs Make Up Kit Include Kajal,Lip Gloss, Cheek & Tint, Foundation, Strobe Cream",https://rukminim1.flixcart.com/image/200/200/xif0q/makeup-kit/w/z/x/make-up-kit-include-kajal-primer-cheek-tint-lipstick-foundation-original-imah4s89c23u3vzy.jpeg?q=90,1899,92%,151,https://dealsheaven.in/deal/just-herbs-make-up-kit-include-kajallip-gloss-cheek-tint-foundation-strobe-cream,0.0
Just Herbs Pure Fragrances Energising & Relaxing Trio Perfume Set of 3 - 50ML Eau de Parfum  -  150 ml(For Men & Women),https://rukminim1.flixcart.com/image/200/200/xif0q/perfume/k/q/1/150-pure-fragrances-energising-relaxing-trio-perfume-set-of-3-original-imah3xz4f2ujre2g.jpeg?q=90,1945,90%,194,https://dealsheaven.in/deal/just-herbs-pure-fragrances-energising-relaxing-trio-perfume-set-of-3-50ml-eau-de-parfum-150-mlfor-men-women,0.0
STAYFREE Dry-Max All Nights| All round protection through the night| 2x better coverage Sanitary Pad(Pack of 98),https://rukminim1.flixcart.com/image/200/200/xif0q/sanitary-pad-pantyliner/d/o/r/-original-imagvyzcjc6du2wu.jpeg?q=90,1369,60%,547,https://dealsheaven.in/deal/stayfree-dry-max-all-nights-all-round-protection-through-the-night-2x-better-coverage-sanitary-padpack-of-98,0.0
CASIO MW-240-1BVDF Youth Analog Analog Watch  - For Men,https://rukminim1.flixcart.com/image/200/200/xif0q/watch/b/t/w/-original-imagunxdp7m4thmd.jpeg?q=90,1495,63%,549,https://dealsheaven.in/deal/casio-mw-240-1bvdf-youth-analog-analog-watch-for-men,0.0
"EVEREADY 10 W Standard B22 LED Bulb(White, Pack of 10)",https://rukminim1.flixcart.com/image/200/200/xif0q/bulb/l/j/y/-original-imahyf2r6g6fjmep.jpeg?q=90,1990,74%,499,https://dealsheaven.in/deal/eveready-10-w-standard-b22-led-bulbwhite-pack-of-10,0.0
"Portronics Toad 14 / Runs on single AA Battery,upto 1400 DPI,30 Lakhs + click life Wireless Optical Mouse  (2.4GHz Wireless, Black)",https://rukminim2.flixcart.com/image/416/416/kxhvf680/mouse/d/1/p/toad-14-portronics-original-imag9xnpexundzez.jpeg?q=70&crop=false,499,60%,199,https://dealsheaven.in/deal/portronics-toad-14-runs-on-single-aa-batteryupto-1400-dpi30-lakhs-click-life-wireless-optical-mouse-24ghz-wireless-black,0.0
"NIVEA MEN Fresh Power Deodorant Spray Body Spray  -  For Men(150 ml, Pack of 3)",https://rukminim1.flixcart.com/image/200/200/xif0q/deodorant/l/6/f/150-men-fresh-power-pack-of-3-deodorant-spray-for-men-150-ml-original-imagxx5ebhdzdj3a.jpeg?q=90,855,80%,171,https://dealsheaven.in/deal/nivea-men-fresh-power-deodorant-spray-body-spray-for-men150-ml-pack-of-3,0.0
"Apple iPhone 15 (Black, 128 GB)",https://rukminim2.flixcart.com/image/416/416/xif0q/mobile/h/d/9/-original-imagtc2qzgnnuhxh.jpeg?q=70&crop=false,69900,21%,54999,https://dealsheaven.in/deal/apple-iphone-15-black-128-gb,0.0
N/A,N/A,N/A,N/A,N/A,N/A,N/A
Safari Magnum Zeno 3P set 4W Cabin & Check-in Set 4 Wheels - 30 Inches,https://rukminim1.flixcart.com/image/200/200/xif0q/suitcase/1/t/r/-original-imahy9gy4wggjgh6.jpeg?q=90,28745,85%,4149,https://dealsheaven.in/deal/safari-magnum-zeno-3p-set-4w-cabin-check-in-set-4-wheels-30-inches,0.0
"[Hdfc bank] iFFALCON by TCL U64 139 cm (55 inch) Ultra HD (4K) LED Smart Google TV with 24W Dolby Audio, HDR10  (iFF55U64)",https://rukminim2.flixcart.com/image/416/416/xif0q/television/7/g/o/-original-imahfkcp7sqpk4cz.jpeg?q=70&crop=false,73990,68%,23298,https://dealsheaven.in/deal/hdfc-bank-iffalcon-by-tcl-u64-139-cm-55-inch-ultra-hd-4k-led-smart-google-tv-with-24w-dolby-audio-hdr10-iff55u64,0.0
"RAGE Extra Strong Premium Blend Coffee Pack of 100+Multipurpose Shaker 450 ml+Frother Instant Coffee(100 x 1.5 g, Assorted Flavoured)",https://rukminim1.flixcart.com/image/200/200/xif0q/coffee/9/c/w/150-extra-strong-premium-blend-coffee-pack-of-100-multipurpose-original-imahyh9guchbykdg.jpeg?q=90,1299,76%,299,https://dealsheaven.in/deal/rage-extra-strong-premium-blend-coffee-pack-of-100multipurpose-shaker-450-mlfrother-instant-coffee100-x-15-g-assorted-flavoured,0.0
"Boult Bassbox X120 with Subwoofer, 120W Power, 2.1 Channel, 3 EQ Modes, Remote Control 120 W Bluetooth Soundbar(Black, 2.1 Channel)",https://rukminim1.flixcart.com/image/200/200/xif0q/speaker/h/t/q/-original-imahyauhvfaa45en.jpeg?q=90,11999,66%,3999,https://dealsheaven.in/deal/boult-bassbox-x120-with-subwoofer-120w-power-21-channel-3-eq-modes-remote-control-120-w-bluetooth-soundbarblack-21-channel,0.0
"Fire-Boltt Wonder 45.7mm (1.8) Bluetooth Calling with AI Voice Assistant Smartwatch(Red Strap, Free Size)",https://rukminim1.flixcart.com/image/200/200/xif0q/smartwatch/n/6/0/-original-imagkfm8zzyqvr5c.jpeg?q=90,11999,94%,699,https://dealsheaven.in/deal/fire-boltt-wonder-457mm-18-bluetooth-calling-with-ai-voice-assistant-smartwatchred-strap-free-size,0.0
"AXE Dark Temptation Deodorant Spray  -  For Men(645 ml, Pack of 3)",https://rukminim1.flixcart.com/image/200/200/xif0q/deodorant/f/h/b/-original-imah32rj2kdxzqaa.jpeg?q=90,1050,80%,200,https://dealsheaven.in/deal/axe-dark-temptation-deodorant-spray-for-men645-ml-pack-of-3,0.0
[With Hdfc EMI] MOTOROLA 7 kg Fully Automatic Top Load Washing Machine Grey(MTTL705NNNEB),https://rukminim1.flixcart.com/image/200/200/xif0q/washing-machine-new/k/g/u/-original-imah3jgscx9ferff.jpeg?q=90,21990,55%,9891,https://dealsheaven.in/deal/with-hdfc-emi-motorola-7-kg-fully-automatic-top-load-washing-machine-greymttl705nnneb,0.0
Atomberg Ameza 5 Star 1200 mm 3 Blade Ceiling Fan(BLDC Motor with Remote | Gloss Black | Pack of 1),https://rukminim1.flixcart.com/image/200/200/xif0q/fan/d/i/c/ameza-5-star-bee-rated-35-1-ceiling-fan-1200-atomberg-original-imahfyrt62ypph34.jpeg?q=90,4349,54%,1999,https://dealsheaven.in/deal/atomberg-ameza-5-star-1200-mm-3-blade-ceiling-fanbldc-motor-with-remote-gloss-black-pack-of-1,0.0
"boAt Aavante Bar 590 with RMS, Dual Passive Radiatior & 7 Hours Playback 25 W Bluetooth Soundbar(Pebble Black, 2.0 Channel)",https://rukminim1.flixcart.com/image/200/200/xif0q/speaker/r/z/s/-original-imagz9cn93exxyrj.jpeg?q=90,5990,73%,1599,https://dealsheaven.in/deal/boat-aavante-bar-590-with-rms-dual-passive-radiatior-7-hours-playback-25-w-bluetooth-soundbarpebble-black-20-channel,0.0
realme Pad 2 Lite 4 GB RAM 128 GB ROM 11.0 inch with 4G Tablet (Space Grey),https://rukminim1.flixcart.com/image/200/200/xif0q/tablet/o/w/l/-original-imah4rktzgmeqjak.jpeg?q=90,20999,38%,12999,https://dealsheaven.in/deal/realme-pad-2-lite-4-gb-ram-128-gb-rom-110-inch-with-4g-tablet-space-grey,0.0
N/A,N/A,N/A,N/A,N/A,N/A,N/A
"LG S95QR, World's 1st Triple Upfiring speaker, Dolby Atmos, IMAX, 810W, 9.1.5 Ch 810 W Bluetooth Soundbar(Dark Steel Silver, 9.1.5 Channel)",https://rukminim1.flixcart.com/image/200/200/xif0q/home-theatre-system/9/g/3/s95qr-lg-original-imagnawby7eazucj.jpeg?q=90,139990,64%,49999,https://dealsheaven.in/deal/lg-s95qr-worlds-1st-triple-upfiring-speaker-dolby-atmos-imax-810w-915-ch-810-w-bluetooth-soundbardark-steel-silver-915-channel,0.0
"Lenovo LOQ AMD Ryzen 7 Octa Core 7435HS - (24 GB/512 GB SSD/Windows 11 Home/8 GB Graphics/NVIDIA GeForce RTX 4060) 15ARP9 Gaming Laptop(15.6 Inch, Luna Grey, 2.38 Kg, With MS Office)",https://rukminim1.flixcart.com/image/200/200/xif0q/computer/6/q/o/-original-imah4dcjgdruhnd2.jpeg?q=90,124790,31%,84990,https://dealsheaven.in/deal/lenovo-loq-amd-ryzen-7-octa-core-7435hs-24-gb512-gb-ssdwindows-11-home8-gb-graphicsnvidia-geforce-rtx-4060-15arp9-gaming-laptop156-inch-luna-grey-238-kg-with-ms-office,0.0
"CARLTON LONDON Juicy Secrets Body Mist, Long Lasting Fruity Fragrance for Women, 250 ML Body Mist  -  For Women(250 ml)",https://rukminim1.flixcart.com/image/200/200/l2tcfbk0/deodorant/6/l/b/250-juicy-secrets-1-body-mist-carlton-london-women-original-image2hfzkjtrf5f.jpeg?q=90,1499,70%,448,https://dealsheaven.in/deal/carlton-london-juicy-secrets-body-mist-long-lasting-fruity-fragrance-for-women-250-ml-body-mist-for-women250-ml,0.0
"BOROSIL Teal Lunch Box with Bag, 3 Pc (320 ml x 3 Square), Glass Office Tiifin 3 Containers Lunch Box(960 ml)",https://rukminim1.flixcart.com/image/200/200/k5jxfgw0/lunch-box/f/s/r/glass-lunch-box-set-of-3-320-ml-square-sky-borosil-3-original-imafz265nmhr6ugf.jpeg?q=90,1495,53%,699,https://dealsheaven.in/deal/borosil-teal-lunch-box-with-bag-3-pc-320-ml-x-3-square-glass-office-tiifin-3-containers-lunch-box960-ml,0.0
Naturoz Popular California Almonds(1 kg),https://rukminim1.flixcart.com/image/200/200/xif0q/nut-dry-fruit/t/8/7/1-popular-california-1-pouch-naturoz-original-imaghwdugsmyyvys.jpeg?q=90,1495,52%,714,https://dealsheaven.in/deal/naturoz-popular-california-almonds1-kg,0.0
"Latibule Vitamin C Excess oil,And Makeup Residue Without Stripping The Skin's Natural Moisture(1 Items in the set)",https://rukminim1.flixcart.com/image/200/200/xif0q/combo-kit/n/q/m/vitamin-c-excess-oil-and-makeup-residue-without-stripping-the-original-imah2qhqwssvpwf4.jpeg?q=90,1496,91%,123,https://dealsheaven.in/deal/latibule-vitamin-c-excess-oiland-makeup-residue-without-stripping-the-skins-natural-moisture1-items-in-the-set,0.0
"Sheldon Thrill Cycle for Kids with Power Break 20 T Mountain Cycle(Single Speed, Black, Only Front Suspension)",https://rukminim1.flixcart.com/image/200/200/xif0q/cycle/f/e/g/thrill-cycle-for-kids-with-power-break-black-20-13-sheldon-23-original-imagmegwqqd6vhwm.jpeg?q=90,10759,81%,2000,https://dealsheaven.in/deal/sheldon-thrill-cycle-for-kids-with-power-break-20-t-mountain-cyclesingle-speed-black-only-front-suspension,0.0
"SAMSUNG Galaxy Watch 4 Classic, 46mm Super AMOLED LTE, Calling Body Composition Tracking  (Silver Strap, Free Size)",https://rukminim2.flixcart.com/image/416/416/ksxjs7k0/smartwatch/r/p/f/android-sm-r890nzsainu-samsung-yes-original-imag6dtgqd5bffrt.jpeg?q=70&crop=false,42999,79%,8999,https://dealsheaven.in/deal/samsung-galaxy-watch-4-classic-46mm-super-amoled-lte-calling-body-composition-tracking-silver-strap-free-size,0.0
"Aeidess Back Cover for OnePlus Nord CE 3 Lite 5G(Black, Shock Proof, Pack of: 1)",https://rukminim1.flixcart.com/image/200/200/xif0q/cases-covers/back-cover/d/a/w/egl-1-nord-ce-3-lite-soking-original-imagqhazhybhwey5.jpeg?q=90,999,90%,99,https://dealsheaven.in/deal/aeidess-back-cover-for-oneplus-nord-ce-3-lite-5gblack-shock-proof-pack-of-1,0.0
"Burger Shape Lunch Box, Microwave Safe Tiffin 3 Containers Lunch Box(400 ml)",https://rukminim1.flixcart.com/image/200/200/xif0q/shopsy-lunch-box/t/n/l/400-burger-shape-lunch-box-microwave-safe-tiffin-yes-locava-3-original-imahyre9exsrub2h.jpeg?q=90,999,90%,97,https://dealsheaven.in/deal/burger-shape-lunch-box-microwave-safe-tiffin-3-containers-lunch-box400-ml,0.0
N/A,N/A,N/A,N/A,N/A,N/A,N/A
Daniel Radcliffe DRW001 Rose Gold Round Rose Gold Analog Watch  - For Women,https://rukminim1.flixcart.com/image/200/200/xif0q/watch/h/z/p/1-drw001-daniel-radcliffe-women-original-imahfv8j7nf4ymv3.jpeg?q=90,1999,83%,339,https://dealsheaven.in/deal/daniel-radcliffe-drw001-rose-gold-round-rose-gold-analog-watch-for-women,0.0
"Valley Green Enterprises Rio Mesh Mid Back Ergonomic Office/Study/Revolving/Computer Synthetic Fiber Office Executive Chair(Grey, DIY(Do-It-Yourself))",https://rukminim1.flixcart.com/image/200/200/xif0q/office-study-chair/o/3/s/1-iron-60-sigma-grey-mesh-chair-valley-green-enterprises-92-original-imah4s6mqzygfhdk.jpeg?q=90,7999,79%,1631,https://dealsheaven.in/deal/valley-green-enterprises-rio-mesh-mid-back-ergonomic-officestudyrevolvingcomputer-synthetic-fiber-office-executive-chairgrey-diydo-it-yourself,0.0
Nature Aahar premium dry fruit mix (cashew almond raisin apricot mix dried fruit ) 500gm Assorted Nuts(500 g),https://rukminim1.flixcart.com/image/200/200/xif0q/nut-dry-fruit/n/q/r/1-premium-international-healthy-dryfruit-mixed-dryfruits-original-imagvm7hxyzhezge.jpeg?q=90,1299,80%,251,https://dealsheaven.in/deal/nature-aahar-premium-dry-fruit-mix-cashew-almond-raisin-apricot-mix-dried-fruit-500gm-assorted-nuts500-g,0.0
smartdrops Sunscreen - SPF 50 PA+++ Sunblock Sunscreen Creem For Deeply Hydrating(120 ml),https://rukminim1.flixcart.com/image/200/200/xif0q/sunscreen/o/x/s/120-sunblock-sunscreen-creem-for-deeply-hydrating-50-smartdrops-original-imahyvmfkuaxt8dz.jpeg?q=90,598,79%,125,https://dealsheaven.in/deal/smartdrops-sunscreen-spf-50-pa-sunblock-sunscreen-creem-for-deeply-hydrating120-ml,0.0
Whisper Combo of Ultra Clean and Bindazz Nights XL+ for Women Sanitary Pad(Pack of 144),https://rukminim1.flixcart.com/image/200/200/xif0q/sanitary-pad-pantyliner/r/7/b/-original-imagk7tfkmt8msyc.jpeg?q=90,1967,48%,1013,https://dealsheaven.in/deal/whisper-combo-of-ultra-clean-and-bindazz-nights-xl-for-women-sanitary-padpack-of-144,0.0
Master Classic 3 L Outer Lid Induction Bottom Pressure Cooker(Aluminium),https://rukminim1.flixcart.com/image/200/200/xif0q/pressure-cooker/m/o/6/-original-imaguxawxgacgycf.jpeg?q=90,1169,53%,549,https://dealsheaven.in/deal/master-classic-3-l-outer-lid-induction-bottom-pressure-cookeraluminium,0.0
Fastrack Vyb Mirage Black Dial Black Strap Analog Watch  - For Women,https://rukminim1.flixcart.com/image/200/200/xif0q/watch/g/t/7/1-fv60003nm01w-fastrack-women-original-imah2y6mx627ugex.jpeg?q=90,2420,64%,859,https://dealsheaven.in/deal/fastrack-vyb-mirage-black-dial-black-strap-analog-watch-for-women,0.0
GUESS Rose Gold Dial Digital Watch  - For Women,https://rukminim1.flixcart.com/image/200/200/xif0q/watch/i/p/t/-original-imagswy5gtbwgryq.jpeg?q=90,15995,72%,4469,https://dealsheaven.in/deal/guess-rose-gold-dial-digital-watch-for-women,0.0
GUESS Black Dial Digital Watch  - For Women,https://rukminim1.flixcart.com/image/200/200/xif0q/watch/x/m/w/-original-imagswy6asyudafn.jpeg?q=90,13995,75%,3439,https://dealsheaven.in/deal/guess-black-dial-digital-watch-for-women,0.0
ARISTOCRAT Enigma 52 CM Polyester Softsided Cabin size 2Wheels Duffle Bag - Blue Duffel Without Wheels,https://rukminim1.flixcart.com/image/200/200/xif0q/duffel-bag/g/a/b/-original-imah46hgeughagsq.jpeg?q=90,2080,81%,389,https://dealsheaven.in/deal/aristocrat-enigma-52-cm-polyester-softsided-cabin-size-2wheels-duffle-bag-blue-duffel-without-wheels,0.0
"NottyBoy Extra Lubricated and Ribbed, Dotted, Contour, Long Lasting Combo Pack Condom(Set of 10, 100 Sheets)",https://rukminim1.flixcart.com/image/200/200/xif0q/condom/c/e/k/100-set-extra-lubricated-and-ribbed-dotted-contour-long-lasting-original-imagzh5jdxftg5qz.jpeg?q=90,2150,89%,230,https://dealsheaven.in/deal/nottyboy-extra-lubricated-and-ribbed-dotted-contour-long-lasting-combo-pack-condomset-of-10-100-sheets,0.0
"Crompton Laser Ray Smile 20W Straight Linear LED 20 W Tube Light(White, Pack of 8)",https://rukminim1.flixcart.com/image/200/200/xif0q/tube-light/g/6/7/-original-imah2myxywpz2bmu.jpeg?q=90,4800,77%,1099,https://dealsheaven.in/deal/crompton-laser-ray-smile-20w-straight-linear-led-20-w-tube-lightwhite-pack-of-8,0.0
"Longway Kestro 1500 W with Stainless Steel Body for Boiling Electric Kettle(2 L, Black)",https://rukminim1.flixcart.com/image/200/200/xif0q/electric-kettle/y/g/x/-original-imah3kdqznrzhqns.jpeg?q=90,1299,69%,399,https://dealsheaven.in/deal/longway-kestro-1500-w-with-stainless-steel-body-for-boiling-electric-kettle2-l-black,0.0
"Kenstar 25 L Storage Water Geyser (Emeta, WHITE & BLACK)",https://rukminim1.flixcart.com/image/200/200/xif0q/water-geyser/b/g/7/2020-emeta-25l-0-kenstar-25-original-imah4ktbvwdsqub3.jpeg?q=90,10240,46%,5499,https://dealsheaven.in/deal/kenstar-25-l-storage-water-geyser-emeta-white-black,0.0
"Kenstar 3 L Instant Water Geyser (JACUZZI NEO 3L, White)",https://rukminim1.flixcart.com/image/200/200/xif0q/water-geyser/h/k/x/2023-jacuzzi-neo-3l-3000-kenstar-3-original-imah47hsfk5vxu4f.jpeg?q=90,5990,66%,1999,https://dealsheaven.in/deal/kenstar-3-l-instant-water-geyser-jacuzzi-neo-3l-white,0.0
Phillauri Teeth Whitening Powder||Boosts Self-confidence|||(pack of 3) Teeth Whitening Kit,https://rukminim1.flixcart.com/image/200/200/xif0q/teeth-whitening-kit/g/6/f/teeth-whitening-powder-boosts-self-confidence-pack-of-3-original-imah29t75bzvbmw4.jpeg?q=90,897,88%,99,https://dealsheaven.in/deal/phillauri-teeth-whitening-powderboosts-self-confidencepack-of-3-teeth-whitening-kit,0.0
"NEXT English Leather INTENSE Whiff of Sensation Deo, 3 Luxurious Packs Perfume Body Spray  -  For Men & Women(360 ml, Pack of 3)",https://rukminim1.flixcart.com/image/200/200/xif0q/deodorant/q/v/u/360-english-leather-intense-whiff-of-sensation-deo-3-luxurious-original-imagq4yfbjmsqsj4.jpeg?q=90,747,60%,293,https://dealsheaven.in/deal/next-english-leather-intense-whiff-of-sensation-deo-3-luxurious-packs-perfume-body-spray-for-men-women360-ml-pack-of-3,0.0
HAIR & CARE Pro Blend Damage Repair Combo | 300ml Shampoo + 300ml Oil |Avocado & Olive Oil(2 Items in the set),https://rukminim1.flixcart.com/image/200/200/xif0q/combo-kit/4/s/4/-original-imagugp5wczsangq.jpeg?q=90,599,62%,227,https://dealsheaven.in/deal/hair-care-pro-blend-damage-repair-combo-300ml-shampoo-300ml-oil-avocado-olive-oil2-items-in-the-set,0.0
Latibule KOREAN BEAUTY.DR - KOREAN ORIGINAL GOT MILK WHITENING SHOWERS GEL (300 ml) pk 3(2 x 300 ml),https://rukminim1.flixcart.com/image/200/200/xif0q/body-wash/y/p/b/600-korean-beauty-dr-korean-original-got-milk-whitening-showers-original-imah4qqr99xrzenf.jpeg?q=90,998,90%,99,https://dealsheaven.in/deal/latibule-korean-beautydr-korean-original-got-milk-whitening-showers-gel-300-ml-pk-32-x-300-ml,0.0
PureSense Saffron Oud + Rose Honey Perfume Gift Set Pack of (2x50ml) Long Lasting Eau de Parfum  -  100 ml(For Women),https://rukminim1.flixcart.com/image/200/200/xif0q/perfume/e/z/p/100-perfume-gift-set-pack-of-2x50ml-premium-luxury-long-lasting-original-imah223ardnh6aj2.jpeg?q=90,998,75%,249,https://dealsheaven.in/deal/puresense-saffron-oud-rose-honey-perfume-gift-set-pack-of-2x50ml-long-lasting-eau-de-parfum-100-mlfor-women,0.0
"Bellavita Noir & Azure Deo Parfum Combo|2x150ml|Long lasting Body spray| Deodorant Spray  -  For Men & Women(300 ml, Pack of 2)",https://rukminim1.flixcart.com/image/200/200/xif0q/deodorant/0/r/b/300-noir-azure-deo-parfum-combo-2x150ml-long-lasting-body-spray-original-imahfhbkhfpgjcbs.jpeg?q=90,499,60%,199,https://dealsheaven.in/deal/bellavita-noir-azure-deo-parfum-combo2x150mllong-lasting-body-spray-deodorant-spray-for-men-women300-ml-pack-of-2,0.0
VILARIA Alovera Shampoo Cleanses and Purifies Hair Promotes Healthy Growth For All Hair(250 ml),https://rukminim1.flixcart.com/image/200/200/xif0q/shampoo/u/o/a/250-alovera-shampoo-cleanses-and-purifies-hair-promotes-healthy-original-imagxjsgbjhywg2p.jpeg?q=90,699,85%,99,https://dealsheaven.in/deal/vilaria-alovera-shampoo-cleanses-and-purifies-hair-promotes-healthy-growth-for-all-hair250-ml,0.0
"OSCAR Big Shot Deodorant Jazz Club, Privee & Eros (150ml each) Deodorant Spray  -  For Men(600 ml, Pack of 4)",https://rukminim1.flixcart.com/image/200/200/xif0q/deodorant/t/m/t/-original-imah48wthwqbnghm.jpeg?q=90,924,73%,249,https://dealsheaven.in/deal/oscar-big-shot-deodorant-jazz-club-privee-eros-150ml-each-deodorant-spray-for-men600-ml-pack-of-4,0.0
[With Bank offer] Hisense 80 cm (32 inch) Ultra HD (4K) LED Smart Google TV 2024 Edition(32E43N),https://rukminim1.flixcart.com/image/200/200/xif0q/television/z/0/q/-original-imah4zprgkdqzdfd.jpeg?q=90,24999,63%,9248,https://dealsheaven.in/deal/with-bank-offer-hisense-80-cm-32-inch-ultra-hd-4k-led-smart-google-tv-2024-edition32e43n,0.0
"boAt Airdopes Drift with Beast Mode, Blazing LEDs, 40 HRS Playback & ENx Technology Bluetooth(Black Sabre, True Wireless)",https://rukminim1.flixcart.com/image/200/200/xif0q/headphone/o/t/7/-original-imah3puehspv7dhs.jpeg?q=90,5990,79%,1199,https://dealsheaven.in/deal/boat-airdopes-drift-with-beast-mode-blazing-leds-40-hrs-playback-enx-technology-bluetoothblack-sabre-true-wireless,0.0
"Veet Pure Hair Removal - Normal Skin Cream 50g,Set Of 3 Cream(150 g, Set of 3)",https://rukminim1.flixcart.com/image/200/200/xif0q/hair-removal/w/k/0/-original-imah35z8ec2kqamp.jpeg?q=90,477,60%,190,https://dealsheaven.in/deal/veet-pure-hair-removal-normal-skin-cream-50gset-of-3-cream150-g-set-of-3,0.0
"Boult Q 70Hrs Battery, ENC Mic, 40mm Boosted Drivers, 4 EQ Modes, Supreme Bass, 5.4v Bluetooth & Wired(Beige, On the Ear)",https://rukminim1.flixcart.com/image/200/200/xif0q/headphone/i/u/q/-original-imah4axkreh3thcg.jpeg?q=90,5999,78%,1299,https://dealsheaven.in/deal/boult-q-70hrs-battery-enc-mic-40mm-boosted-drivers-4-eq-modes-supreme-bass-54v-bluetooth-wiredbeige-on-the-ear,0.0
"PUMA Puma Men White Black Colourblocked IDP Sneakers Sneakers For Men(Black , 9)",https://rukminim1.flixcart.com/image/200/200/xif0q/shoe/3/1/y/-original-imagz5bzdjmzvynt.jpeg?q=90,4499,79%,941,https://dealsheaven.in/deal/puma-puma-men-white-black-colourblocked-idp-sneakers-sneakers-for-menblack-9,0.0
"Boult Q 70Hrs Battery, ENC Mic, 40mm Boosted Drivers, 4 EQ Modes, Supreme Bass, 5.4v Bluetooth & Wired(Black, On the Ear)",https://rukminim1.flixcart.com/image/200/200/xif0q/headphone/k/e/v/-original-imah4axk5pwgfq73.jpeg?q=90,5999,78%,1299,https://dealsheaven.in/deal/boult-q-70hrs-battery-enc-mic-40mm-boosted-drivers-4-eq-modes-supreme-bass-54v-bluetooth-wiredblack-on-the-ear,0.0
"Crompton Laser Ray Smile 20W Straight Linear LED 20 W Tube Light(White, Pack of 4)",https://rukminim1.flixcart.com/image/200/200/xif0q/tube-light/s/s/h/-original-imah2myxmytmzqgz.jpeg?q=90,2400,75%,599,https://dealsheaven.in/deal/crompton-laser-ray-smile-20w-straight-linear-led-20-w-tube-lightwhite-pack-of-4,0.0
Phillauri Red Onion Blackseed Hair Combo Kit with Ubtan Facewash Combo Kit(5 Items in the set),https://rukminim1.flixcart.com/image/200/200/xif0q/combo-kit/m/e/z/red-onion-blackseed-hair-combo-kit-with-ubtan-facewash-combo-kit-original-imagxz9sqdmjhqhd.jpeg?q=90,1995,92%,149,https://dealsheaven.in/deal/phillauri-red-onion-blackseed-hair-combo-kit-with-ubtan-facewash-combo-kit5-items-in-the-set,0.0
"Crompton Laser Ray Smile 20W Straight Linear LED 20 W Tube Light(White, Pack of 8)",https://rukminim1.flixcart.com/image/200/200/xif0q/tube-light/g/6/7/-original-imah2myxywpz2bmu.jpeg?q=90,4800,79%,999,https://dealsheaven.in/deal/crompton-laser-ray-smile-20w-straight-linear-led-20-w-tube-lightwhite-pack-of-8,0.0
"Longway 2200 W Induction Cooktop Touch Panel(Black, Infralite Pro ICT 2200 W Infrared Cooktop with Free Stainless Steel Grill)",https://rukminim1.flixcart.com/image/200/200/xif0q/induction-cook-top/s/n/m/-original-imah3cuhhwwhbfx3.jpeg?q=90,6159,70%,1799,https://dealsheaven.in/deal/longway-2200-w-induction-cooktop-touch-panelblack-infralite-pro-ict-2200-w-infrared-cooktop-with-free-stainless-steel-grill,0.0
"NOVA NKT-2750 Electric Kettle(1.5 L, Black)",https://rukminim1.flixcart.com/image/200/200/xif0q/electric-kettle/n/6/q/nkt-2750-nkt-2750-nova-original-imahf2kyxvx2ft6b.jpeg?q=90,1695,71%,489,https://dealsheaven.in/deal/nova-nkt-2750-electric-kettle15-l-black,0.0
